<?xml version="1.0" encoding="UTF-8"?>
<jcr:root xmlns:cq="http://www.day.com/jcr/cq/1.0" xmlns:jcr="http://www.jcp.org/jcr/1.0"
    jcr:primaryType="cq:Page">
    <jcr:content/>
    <connect-with-milsuite/>
    <army-researchers-focus-on-partnerships/>
    <test-comments/>
    <new-features-on-pcf--assist--cm-tool--ajax--and-efx-implementati/>
    <welcome-to-the-new-virtual-contracting-enterprise/>
    <follow--share--and-stay-informed-with-vce-with-your-favorite-soc/>
    <test-article/>
    <another-great-article/>
    <ashaw-calendar-example/>
</jcr:root>
