<?xml version="1.0" encoding="UTF-8"?>
<jcr:root xmlns:sling="http://sling.apache.org/jcr/sling/1.0" xmlns:cq="http://www.day.com/jcr/cq/1.0" xmlns:jcr="http://www.jcp.org/jcr/1.0" xmlns:mix="http://www.jcp.org/jcr/mix/1.0" xmlns:nt="http://www.jcp.org/jcr/nt/1.0"
    jcr:primaryType="cq:Page">
    <customSidekickButton/>
    <jcr:content
        cq:lastModified="{Date}2014-06-19T08:05:20.595-05:00"
        cq:lastModifiedBy="admin"
        cq:lastReplicated="{Date}2014-05-20T22:35:07.617-05:00"
        cq:lastReplicatedBy="admin"
        cq:lastReplicationAction="Activate"
        cq:template="/libs/wcm/core/templates/designpage"
        jcr:isCheckedOut="{Boolean}true"
        jcr:mixinTypes="[mix:versionable]"
        jcr:primaryType="cq:PageContent"
        jcr:title="Tarrant WPSM Design"
        jcr:uuid="24fd1e29-8176-4b36-8b03-5036b6d9eb49"
        sling:resourceType="wcm/core/components/designer">
        <homepage jcr:primaryType="nt:unstructured">
            <par
                jcr:lastModified="{Date}2014-06-19T08:05:20.595-05:00"
                jcr:lastModifiedBy="admin"
                jcr:primaryType="nt:unstructured"
                sling:resourceType="foundation/components/parsys"
                components="[/apps/wpsm/components/pagecontent/hero-carousel,/apps/wpsm/components/pagecontent/picturefeed,/apps/wpsm/components/pagecontent/iwantto/iwanttocontainer/virtual/3cols]">
                <section jcr:primaryType="nt:unstructured"/>
                <iwanttocontainer jcr:primaryType="nt:unstructured">
                    <tabs
                        jcr:lastModified="{Date}2014-06-19T08:04:01.188-05:00"
                        jcr:lastModifiedBy="admin"
                        jcr:primaryType="nt:unstructured"
                        sling:resourceType="foundation/components/parsys"
                        components="/apps/wpsm/components/pagecontent/iwantto/iwanttotab">
                        <section jcr:primaryType="nt:unstructured"/>
                        <iwanttotab jcr:primaryType="nt:unstructured">
                            <col1
                                jcr:lastModified="{Date}2014-06-19T08:04:12.719-05:00"
                                jcr:lastModifiedBy="admin"
                                jcr:primaryType="nt:unstructured"
                                sling:resourceType="foundation/components/parsys"
                                components="/apps/wpsm/components/pagecontent/iwantto/links">
                                <section jcr:primaryType="nt:unstructured"/>
                            </col1>
                            <col2
                                jcr:lastModified="{Date}2014-06-19T08:04:26.719-05:00"
                                jcr:lastModifiedBy="admin"
                                jcr:primaryType="nt:unstructured"
                                sling:resourceType="foundation/components/parsys"
                                components="/apps/wpsm/components/pagecontent/iwantto/links">
                                <section jcr:primaryType="nt:unstructured"/>
                            </col2>
                            <col3
                                jcr:lastModified="{Date}2014-06-19T08:04:40.141-05:00"
                                jcr:lastModifiedBy="admin"
                                jcr:primaryType="nt:unstructured"
                                sling:resourceType="foundation/components/parsys"
                                components="/apps/wpsm/components/pagecontent/iwantto/links">
                                <section jcr:primaryType="nt:unstructured"/>
                            </col3>
                        </iwanttotab>
                    </tabs>
                </iwanttocontainer>
            </par>
        </homepage>
        <contentpage jcr:primaryType="nt:unstructured">
            <par
                jcr:lastModified="{Date}2014-05-29T20:48:26.529-04:00"
                jcr:lastModifiedBy="admin"
                jcr:primaryType="nt:unstructured"
                sling:resourceType="foundation/components/parsys"
                components="[/libs/foundation/components/adaptiveimage,/libs/foundation/components/reference,group:Tarrant]">
                <section jcr:primaryType="nt:unstructured"/>
                <adaptiveimage
                    jcr:lastModified="{Date}2014-05-29T21:09:06.630-04:00"
                    jcr:lastModifiedBy="admin"
                    jcr:primaryType="nt:unstructured"
                    sling:resourceType="foundation/components/adaptiveimage"
                    minWidth="750"/>
            </par>
        </contentpage>
        <landingpage jcr:primaryType="nt:unstructured">
            <par
                jcr:lastModified="{Date}2014-06-19T07:41:43.612-05:00"
                jcr:lastModifiedBy="admin"
                jcr:primaryType="nt:unstructured"
                sling:resourceType="foundation/components/parsys"
                components="[/apps/wpsm/components/pagecontent/two-column-list,/apps/wpsm/components/pagecontent/department,/apps/wpsm/components/pagecontent/dept-carousel,/apps/wpsm/components/pagecontent/heroimage,/apps/wpsm/components/pagecontent/link-list,/apps/wpsm/components/pagecontent/mini-calendar,/apps/wpsm/components/pagecontent/popularform,/apps/wpsm/components/pagecontent/programs-and-initiatives-json,/apps/wpsm/components/pagecontent/text,/apps/wpsm/components/pagecontent/texttitleimage,/apps/wpsm/components/pagecontent/title,/apps/wpsm/components/pagecontent/iwantto/iwantto-contact-combo]">
                <section jcr:primaryType="nt:unstructured"/>
                <iwantto-contact-combo jcr:primaryType="nt:unstructured">
                    <iwanttocontainer jcr:primaryType="nt:unstructured">
                        <tabs
                            jcr:lastModified="{Date}2014-06-19T07:42:31.519-05:00"
                            jcr:lastModifiedBy="admin"
                            jcr:primaryType="nt:unstructured"
                            sling:resourceType="foundation/components/parsys"
                            components="/apps/wpsm/components/pagecontent/iwantto/iwanttotab">
                            <section jcr:primaryType="nt:unstructured"/>
                            <iwanttotab jcr:primaryType="nt:unstructured">
                                <col1
                                    jcr:lastModified="{Date}2014-06-19T07:42:47.503-05:00"
                                    jcr:lastModifiedBy="admin"
                                    jcr:primaryType="nt:unstructured"
                                    sling:resourceType="foundation/components/parsys"
                                    components="/apps/wpsm/components/pagecontent/iwantto/links">
                                    <section jcr:primaryType="nt:unstructured"/>
                                </col1>
                                <col2
                                    jcr:lastModified="{Date}2014-06-19T07:43:03.253-05:00"
                                    jcr:lastModifiedBy="admin"
                                    jcr:primaryType="nt:unstructured"
                                    sling:resourceType="foundation/components/parsys"
                                    components="/apps/wpsm/components/pagecontent/iwantto/links">
                                    <section jcr:primaryType="nt:unstructured"/>
                                </col2>
                            </iwanttotab>
                        </tabs>
                    </iwanttocontainer>
                </iwantto-contact-combo>
            </par>
            <partop
                jcr:lastModified="{Date}2014-05-29T21:22:47.834-04:00"
                jcr:lastModifiedBy="admin"
                jcr:primaryType="nt:unstructured"
                sling:resourceType="foundation/components/parsys"
                components="group:Tarrant">
                <section jcr:primaryType="nt:unstructured"/>
            </partop>
            <parbottom
                jcr:lastModified="{Date}2014-05-29T21:23:06.383-04:00"
                jcr:lastModifiedBy="admin"
                jcr:primaryType="nt:unstructured"
                sling:resourceType="foundation/components/parsys"
                components="group:Tarrant">
                <section jcr:primaryType="nt:unstructured"/>
            </parbottom>
        </landingpage>
        <page jcr:primaryType="nt:unstructured">
            <header
                jcr:lastModified="{Date}2014-05-20T22:30:11.817-05:00"
                jcr:lastModifiedBy="admin"
                jcr:primaryType="nt:unstructured"
                sling:resourceType="wpsm/components/global/header">
                <link1
                    jcr:primaryType="nt:unstructured"
                    link="&lt;a href=&quot;/content/main/en/county.html&quot;>About Tarrant &lt;/a>"/>
                <link2
                    jcr:primaryType="nt:unstructured"
                    link="&lt;a href=&quot;/content/main/en/county.html&quot;>Services&lt;/a>"/>
                <link3
                    jcr:primaryType="nt:unstructured"
                    link="&lt;a href=&quot;/content/main/en/county.html&quot;>Directory&lt;/a>"/>
                <link4
                    jcr:primaryType="nt:unstructured"
                    link="&lt;a href=&quot;/content/main/en/county.html&quot;>Stay Connected&lt;/a>"/>
            </header>
            <footer
                jcr:lastModified="{Date}2014-05-27T16:32:13.336-04:00"
                jcr:lastModifiedBy="admin"
                jcr:primaryType="nt:unstructured"
                sling:resourceType="wpsm/components/global/footer">
                <toplink1
                    jcr:primaryType="nt:unstructured"
                    link="&lt;a href=&quot;/content/main/en/county.html&quot;>Request for Documents&lt;/a> under the public information act media request"/>
                <toplink2
                    jcr:primaryType="nt:unstructured"
                    link="&lt;a href=&quot;/content/main/en/county.html&quot;>Employee Portal&lt;/a>"/>
                <groupheading1
                    jcr:primaryType="nt:unstructured"
                    text="Website Use"/>
                <midlink1
                    jcr:primaryType="nt:unstructured"
                    link="&lt;a target=&quot;_blank&quot; href=&quot;/content/main/en/county.html&quot;>Privacy Policy&lt;/a>"/>
                <midlink2
                    jcr:primaryType="nt:unstructured"
                    link="&lt;a href=&quot;/content/main/en/county.html&quot;>Contact Webmaster&lt;/a>"/>
                <midlink3
                    jcr:primaryType="nt:unstructured"
                    link="&lt;a href=&quot;/content/main/en/county.html&quot;>Accessibility&lt;/a>"/>
                <midlink4
                    jcr:primaryType="nt:unstructured"
                    link="&lt;a href=&quot;/content/main/en/county.html&quot;>General Information&lt;/a>"/>
                <groupheading2
                    jcr:primaryType="nt:unstructured"
                    text="Header 2"/>
                <midlink5
                    jcr:primaryType="nt:unstructured"
                    link="&lt;a href=&quot;/content/main/en/county.html&quot;>Privacy Policy&lt;/a>"/>
                <midlink6
                    jcr:primaryType="nt:unstructured"
                    link="&lt;a href=&quot;/content/main/en/county.html&quot;>Contact Webmaster&lt;/a>"/>
                <midlink7
                    jcr:primaryType="nt:unstructured"
                    link="&lt;a href=&quot;/content/main/en/county.html&quot;>Accessibility&lt;/a>"/>
                <midlink8
                    jcr:primaryType="nt:unstructured"
                    link="&lt;a href=&quot;/content/main/en/county.html&quot;>General Information&lt;/a>"/>
                <operatortext
                    jcr:primaryType="nt:unstructured"
                    text="County Telephone Operator"/>
                <operatorphone
                    jcr:primaryType="nt:unstructured"
                    text="(817) 884-1111"/>
                <footertext
                    jcr:primaryType="nt:unstructured"
                    text="Tarrant County provides the information contained in this web site as a public service. Every effort is made to ensure that information provided is correct. However, in any case where legal reliance on information contained in these pages is required, the official records of Tarrant County should be consulted. Tarrant County is not responsible for the content of, nor endorses any site which has a link from the Tarrant County web site. "/>
                <countyaddress
                    jcr:primaryType="nt:unstructured"
                    text="100 E. Weatherford, Fort Worth, Texas 76196"/>
                <copyright
                    jcr:primaryType="nt:unstructured"
                    text="Copyright 2001-2015 Tarrant County, TX"/>
                <groupheading3
                    jcr:primaryType="nt:unstructured"
                    text="Header 3"/>
                <midlink9
                    jcr:primaryType="nt:unstructured"
                    link="&lt;a href=&quot;/content/main/en/county.html&quot;>Privacy Policy&lt;/a>"/>
                <midlink10
                    jcr:primaryType="nt:unstructured"
                    link="&lt;a href=&quot;/content/main/en/county.html&quot;>Contact Webmaster&lt;/a>"/>
                <midlink11
                    jcr:primaryType="nt:unstructured"
                    link="&lt;a href=&quot;/content/main/en/county.html&quot;>Accessibility&lt;/a>"/>
                <midlink12
                    jcr:primaryType="nt:unstructured"
                    link="&lt;a href=&quot;/content/main/en/county.html&quot;>General Information&lt;/a>"/>
                <groupheading4
                    jcr:primaryType="nt:unstructured"
                    text="Header 4"/>
                <midlink13
                    jcr:primaryType="nt:unstructured"
                    link="&lt;a href=&quot;/content/main/en/county.html&quot;>Privacy Policy&lt;/a>"/>
                <midlink14
                    jcr:primaryType="nt:unstructured"
                    link="&lt;a href=&quot;/content/main/en/county.html&quot;>Contact Webmaster&lt;/a>"/>
                <midlink15
                    jcr:primaryType="nt:unstructured"
                    link="&lt;a href=&quot;/content/main/en/county.html&quot;>Accessibility&lt;/a>"/>
                <midlink16
                    jcr:primaryType="nt:unstructured"
                    link="&lt;a href=&quot;/content/main/en/county.html&quot;>General Information&lt;/a>"/>
            </footer>
            <supermenu
                jcr:lastModified="{Date}2014-05-20T15:00:18.332-05:00"
                jcr:lastModifiedBy="lmclure"
                jcr:primaryType="nt:unstructured"
                sling:resourceType="wpsm/components/global/supermenu"
                menulocation="/content/main/en/supermenu"/>
        </page>
        <fullwidthpage jcr:primaryType="nt:unstructured">
            <par
                jcr:lastModified="{Date}2014-06-05T13:12:26.199-04:00"
                jcr:lastModifiedBy="admin"
                jcr:primaryType="nt:unstructured"
                sling:resourceType="foundation/components/parsys"
                components="[/libs/foundation/components/reference,/apps/wpsm/components/pagecontent/two-column-list,/apps/wpsm/components/pagecontent/external,/apps/wpsm/components/pagecontent/title]">
                <section jcr:primaryType="nt:unstructured"/>
            </par>
        </fullwidthpage>
        <supermenu jcr:primaryType="nt:unstructured">
            <par
                jcr:lastModified="{Date}2014-05-28T10:43:33.208-04:00"
                jcr:lastModifiedBy="admin"
                jcr:primaryType="nt:unstructured"
                sling:resourceType="foundation/components/parsys"
                components="[/apps/wpsm/components/pages/supermenu/threeColLinks,/apps/wpsm/components/pages/supermenu/fourColLinks]">
                <section jcr:primaryType="nt:unstructured"/>
                <threeColLinks jcr:primaryType="nt:unstructured">
                    <col1
                        jcr:lastModified="{Date}2014-05-28T10:39:19.318-04:00"
                        jcr:lastModifiedBy="admin"
                        jcr:primaryType="nt:unstructured"
                        sling:resourceType="foundation/components/parsys"
                        components="/apps/wpsm/components/pages/supermenu/menulinks">
                        <section jcr:primaryType="nt:unstructured"/>
                    </col1>
                    <col2
                        jcr:lastModified="{Date}2014-05-28T10:39:28.081-04:00"
                        jcr:lastModifiedBy="admin"
                        jcr:primaryType="nt:unstructured"
                        sling:resourceType="foundation/components/parsys"
                        components="/apps/wpsm/components/pages/supermenu/menulinks">
                        <section jcr:primaryType="nt:unstructured"/>
                    </col2>
                    <col3
                        jcr:lastModified="{Date}2014-05-28T10:39:38.099-04:00"
                        jcr:lastModifiedBy="admin"
                        jcr:primaryType="nt:unstructured"
                        sling:resourceType="foundation/components/parsys"
                        components="/apps/wpsm/components/pages/supermenu/menulinks">
                        <section jcr:primaryType="nt:unstructured"/>
                    </col3>
                </threeColLinks>
                <fourColLinks jcr:primaryType="nt:unstructured">
                    <col1
                        jcr:lastModified="{Date}2014-05-28T14:14:00.028-04:00"
                        jcr:lastModifiedBy="admin"
                        jcr:primaryType="nt:unstructured"
                        sling:resourceType="foundation/components/parsys"
                        components="/apps/wpsm/components/pages/supermenu/menulinks">
                        <section jcr:primaryType="nt:unstructured"/>
                    </col1>
                    <col2
                        jcr:lastModified="{Date}2014-05-28T14:14:08.725-04:00"
                        jcr:lastModifiedBy="admin"
                        jcr:primaryType="nt:unstructured"
                        sling:resourceType="foundation/components/parsys"
                        components="/apps/wpsm/components/pages/supermenu/menulinks">
                        <section jcr:primaryType="nt:unstructured"/>
                    </col2>
                    <col3
                        jcr:lastModified="{Date}2014-05-28T14:14:22.608-04:00"
                        jcr:lastModifiedBy="admin"
                        jcr:primaryType="nt:unstructured"
                        sling:resourceType="foundation/components/parsys"
                        components="/apps/wpsm/components/pages/supermenu/menulinks">
                        <section jcr:primaryType="nt:unstructured"/>
                    </col3>
                    <col4
                        jcr:lastModified="{Date}2014-05-28T14:14:58.066-04:00"
                        jcr:lastModifiedBy="admin"
                        jcr:primaryType="nt:unstructured"
                        sling:resourceType="foundation/components/parsys"
                        components="/apps/wpsm/components/pages/supermenu/menulinks">
                        <section jcr:primaryType="nt:unstructured"/>
                    </col4>
                </fourColLinks>
            </par>
        </supermenu>
    </jcr:content>
    <bootstrap/>
    <clientlibs/>
    <jquery/>
    <wpsm/>
    <authoring/>
    <calendar/>
</jcr:root>
